src,tgt_translated,baseline_src,silver_src
Meet after lunch la...,我 见到 你 后 会 是 ..., meet after lunch la,下午會聚於下午餐
Wth ok i chilling out with family at macs they can sign,我 很 乐意 放松 放松 和 与 家人 一起 度过 一天 在 麦斯 ， 他们 可以 签名,我和家人在麦斯休息一下，好好地放松,有 OK 我 chillin' out with family at Macs they can sign
Haha I got two exams on one day times two sia... but means finish fast!,你 得 两道 一天 的 试题 ， 快 结束 ！,"Ha ha, that's hilarious! Here's a coded sentence:

""kuat koh koh lama, hai hai lau"" 

- kuat koh koh lama = finish fast (kuat koh koh lama = finish quickly)
- hai hai lau = but means (hai hai lau = but means)
 
Translation: ""You got two exams on one day, but means finish quickly.""","我只有一天的时间, but means 一天"
Submit hardcopy.,submitting   hard   copy     -     传真,我要将文件交给他,"送出難工的工作

*   """"(zūng) """"(dàng) """"(gōng) """"(shì) """"(wǒ) """"(dàng) """"(gōng) """"(shì) """"(zài) """"(shì) """"(shì) """"(zài) """"(zài) """"(zài) """"(zài) """"(zài) """"(zài) """"(zài) """"(zài) """"(zài) """"(zài) """"(zài) """"(zài) """"(zài) """"(zài) """"(zài) """"(zài) """"(zài) """"(zài) """"(zài) """"(zài) """"(zài) """"(zài) """"(zài) """"(zài) """"(zài) """"(zài) """"(zài) """"(zài) """"(zài) """"(zài) """"(zài) """"(zài) """"(zài) """"(zài) """"(zài) """"(zài) """"(zài) """"(z"
Haha I tmr confirm with u again.,你好 ！ 我 也 期待 你 再次 联系 我 。,你明天再和我确认,Tomorrow I tmr confirm with u again
Dear ah.. dun wake up so early. I set my alarm clock. Love usweety.!!,你好 !   我 都 晚 了 。   我们 的 爱犬 我们 西西 是 早上 醒来 的 好事 。,亲爱的我，你总是晚上睡得很早。 我却把 alarm clock设置ไว，希望你早点起來。 我爱你，很爱你!!!,"Dear ah, wake up so early, I set my alarm clock. Love usweety."
"If u can, wait. Or change 2 a dr who comes 2moro at 5 or 6.",如果 你 可以 ， 等 一下 。 或者 把 我 转到 一个 医生 会 来看 的 那天 5 点 还是 6 点 。,"如果你可以,等一下。或者让一个医生来见你 tomorrow at 5 or 6","如果你可以,请别人来,或者改为: 如果您可以,请别人来,或者改为: 

(romanized Chinese: ǐròu yǒu kě, qǐng biěr lǐng, qǐng biěr lǐng, hoặc qiě dìng shì)"
"Hi, ulu pandan needs more blue claim forms. Thanks.",没有 问题 。,你好，乌拉 pandan 仍需多些蓝色 claim forms。,"有小贩子需要更多的蓝色 claim forms,  请帮忙填写一下"
Lols imma no sj. Got no date,你好 ， 我 不 太 了解 你 在   n ó i 什麼 意思 。,"Laughed at you, I'ma no sj. Got no date",la la ma no jie
